"Rank","Player","Team","Bye","POS","ESPN","Sleeper","NFL","RTSports","FFC","Fantrax","AVG"
"1","Ja'Marr Chase","CIN","10","WR1","1","1","1","1","","1","1.0"
"2","Bijan Robinson","ATL","5","RB1","2","3","4","2","","2","2.5"
"3","Saquon Barkley","PHI","9","RB2","3","2","2","4","","5","3.2"
"4","Justin Jefferson","MIN","6","WR2","4","4","5","6","","3","4.5"
"5","Jahmyr Gibbs","DET","8","RB3","5","5","6","3","","4","4.5"
"6","CeeDee Lamb","DAL","10","WR3","6","6","3","5","","6","5.3"
"7","Puka Nacua","LAR","8","WR4","8","7","7","10","","7","8.7"
"8","Christian McCaffrey","SF","14","RB4","7","13","11","7","","8","9.2"
"9","Malik Nabers","NYG","14","WR5","10","10","10","9","","9","9.7"
"10","Amon-Ra St. Brown","DET","8","WR6","9","8","8","11","","11","9.8"
"11","Ashton Jeanty","LV","8","RB5","11","11","12","8","","10","10.5"
"12","Derrick Henry","BAL","7","RB6","13","9","9","13","","13","10.7"
"13","De'Von Achane","MIA","12","RB7","12","15","13","12","","15","12.5"
"14","Nico Collins","HOU","6","WR7","14","12","16","15","","12","14.2"
"15","Brian Thomas Jr.","JAC","8","WR8","15","14","14","16","","14","15.0"
"16","Josh Jacobs","GB","5","RB8","18","19","18","14","","21","17.3"
"17","A.J. Brown","PHI","9","WR9","16","18","15","23","","18","19.0"
"18","Brock Bowers","LV","8","TE1","19","16","19","20","","17","19.3"
"19","Drake London","ATL","5","WR10","22","17","20","21","","16","19.8"
"20","Jonathan Taylor","IND","11","RB9","17","24","22","19","","19","20.2"
"21","Lamar Jackson","BAL","7","QB1","21","22","17","24","","28","21.2"
"22","Bucky Irving","TB","9","RB10","23","20","25","18","","22","21.5"
"23","Josh Allen","BUF","7","QB2","20","21","21","25","","25","21.7"
"24","Kyren Williams","LAR","8","RB11","28","28","23","22","","27","24.5"
"25","Ladd McConkey","LAC","12","WR11","31","23","24","28","","20","25.5"
"26","Chase Brown","CIN","10","RB12","30","29","34","17","","31","27.2"
"27","Trey McBride","ARI","8","TE2","24","25","26","29","","23","27.3"
"28","Tee Higgins","CIN","10","WR12","26","30","31","35","","26","29.7"
"29","Jayden Daniels","WAS","12","QB3","25","31","27","33","","34","30.3"
"30","Tyreek Hill","MIA","12","WR13","29","26","36","27","","29","30.3"
"31","James Cook","BUF","7","RB13","33","34","28","31","","35","32.0"
"32","Jaxon Smith-Njigba","SEA","8","WR14","36","27","39","34","","24","33.0"
"33","Breece Hall","NYJ","9","RB14","48","33","30","26","","33","33.2"
"34","Joe Burrow","CIN","10","QB4","32","40","35","37","","38","34.7"
"35","Jalen Hurts","PHI","9","QB5","27","36","32","44","","41","35.5"
"36","Garrett Wilson","NYJ","9","WR15","39","32","37","39","","30","37.0"
"37","Alvin Kamara","NO","11","RB15","38","41","46","32","","43","38.0"
"38","George Kittle","SF","14","TE3","35","37","38","41","","40","38.5"
"39","Davante Adams","LAR","8","WR16","34","43","42","40","","37","38.7"
"40","Mike Evans","TB","9","WR17","40","38","33","48","","36","39.0"
"41","Kenneth Walker III","SEA","8","RB16","37","44","40","36","","48","39.8"
"42","Marvin Harrison Jr.","ARI","8","WR18","46","35","41","42","","32","40.0"
"43","Omarion Hampton","LAC","12","RB17","41","42","49","30","","42","41.0"
"44","Terry McLaurin","WAS","12","WR19","42","39","29","49","","44","41.5"
"45","Chuba Hubbard","CAR","14","RB18","45","46","52","38","","49","45.5"
"46","DJ Moore","CHI","5","WR20","52","49","47","47","","39","47.7"
"47","James Conner","ARI","8","RB19","49","51","50","46","","55","48.7"
"48","DK Metcalf","PIT","5","WR21","44","47","58","52","","51","50.0"
"49","Courtland Sutton","DEN","12","WR22","59","50","53","50","","47","52.0"
"50","Sam LaPorta","DET","8","TE4","43","48","43","63","","60","52.3"
"51","Patrick Mahomes","KC","10","QB6","47","54","45","62","","61","52.7"
"52","DeVonta Smith","PHI","9","WR23","60","52","54","54","","46","54.0"
"53","Rashee Rice","KC","10","WR24","57","45","44","61","","56","54.7"
"54","Xavier Worthy","KC","10","WR25","50","56","67","65","","45","55.5"
"55","TreVeyon Henderson","NE","14","RB20","64","66","66","43","","54","58.0"
"56","David Montgomery","DET","8","RB21","61","55","65","59","","63","59.5"
"57","Zay Flowers","BAL","7","WR26","53","53","69","70","","53","59.8"
"58","D'Andre Swift","CHI","5","RB22","56","72","61","45","","78","60.5"
"59","Jameson Williams","DET","8","WR27","67","60","55","67","","50","61.3"
"60","Tetairoa McMillan","CAR","14","WR28","73","61","74","53","","52","63.5"
"61","Travis Kelce","KC","10","TE5","55","65","57","64","","81","64.0"
"62","T.J. Hockenson","MIN","6","TE6","54","58","51","73","","73","64.3"
"63","Baker Mayfield","TB","9","QB7","51","67","59","74","","76","64.3"
"64","Aaron Jones","MIN","6","RB23","72","69","75","56","","67","64.7"
"65","Travis Hunter","JAC","8","WR29","63","64","60","71","","58","64.7"
"66","RJ Harvey","DEN","12","RB24","79","62","72","51","","68","65.3"
"67","Joe Mixon","HOU","6","RB25","58","57","48","66","","108","65.5"
"68","Calvin Ridley","TEN","10","WR30","62","74","71","60","","62","65.8"
"69","George Pickens","DAL","10","WR31","65","59","76","69","","65","66.3"
"70","Isiah Pacheco","KC","10","RB26","74","63","62","58","","77","68.2"
"71","Bo Nix","DEN","12","QB8","66","73","64","81","","79","71.7"
"72","Tony Pollard","TEN","10","RB27","80","78","82","57","","72","72.0"
"73","Jaylen Waddle","MIA","12","WR32","71","68","86","78","","57","73.5"
"74","Kaleb Johnson","PIT","5","RB28","82","80","80","55","","75","73.8"
"75","Jerry Jeudy","CLE","9","WR33","68","71","100","68","","69","75.0"
"76","Mark Andrews","BAL","7","TE7","69","76","56","91","","88","75.5"
"77","Chris Olave","NO","11","WR34","90","70","88","75","","66","80.2"
"78","Rome Odunze","CHI","5","WR35","75","79","91","85","","59","80.5"
"79","Brian Robinson Jr.","WAS","12","RB29","92","83","90","76","","84","82.5"
"80","Deebo Samuel","WAS","12","WR36","96","85","97","80","","70","85.2"
"81","Kyler Murray","ARI","8","QB9","76","95","81","98","","87","86.0"
"82","Jordan Addison","MIN","6","WR37","97","77","94","89","","64","86.2"
"83","Evan Engram","DEN","12","TE8","77","84","77","88","","94","86.2"
"84","Stefon Diggs","NE","14","WR38","86","89","96","82","","80","86.2"
"85","Cooper Kupp","SEA","8","WR39","78","86","105","83","","83","86.7"
"86","Tyrone Tracy Jr.","NYG","14","RB30","91","87","106","72","","82","87.5"
"87","Chris Godwin","TB","9","WR40","89","82","87","79","","113","87.7"
"88","Jakobi Meyers","LV","8","WR41","85","81","124","93","","74","89.2"
"89","David Njoku","CLE","9","TE9","70","91","84","110","","102","89.5"
"90","Jaylen Warren","PIT","5","RB31","99","94","108","77","","85","92.0"
"91","Cam Skattebo","NYG","14","RB32","103","99","98","97","","95","97.5"
"92","Jauan Jennings","SF","14","WR42","111","98","110","96","","71","98.0"
"93","Matthew Golden","GB","5","WR43","88","96","121","87","","93","99.0"
"94","Khalil Shakir","BUF","7","WR44","106","88","102","106","","86","99.2"
"95","Brock Purdy","SF","14","QB10","81","108","104","122","","96","100.3"
"96","Travis Etienne Jr.","JAC","8","RB33","121","92","116","84","","91","100.3"
"97","Jared Goff","DET","8","QB11","119","90","99","113","","98","101.2"
"98","Ricky Pearsall","SF","14","WR45","110","100","118","94","","92","101.5"
"99","Dak Prescott","DAL","10","QB12","101","118","119","107","","109","106.0"
"100","Javonte Williams","DAL","10","RB34","104","106","140","90","","110","106.7"
"101","Justin Fields","NYJ","9","QB13","113","144","63","118","","104","107.8"
"102","Tyler Warren","IND","11","TE10","123","93","107","108","","101","107.8"
"103","J.K. Dobbins","DEN","12","RB35","102","111","158","92","","106","111.5"
"104","Rhamondre Stevenson","NE","14","RB36","109","119","123","104","","103","111.5"
"105","Brandon Aubrey","DAL","10","K1","95","126","70","126","","147","111.7"
"106","Denver Broncos","DST","12","DST1","87","129","83","133","","130","112.0"
"107","Justin Herbert","LAC","12","QB14","94","103","125","127","","107","112.3"
"108","Tucker Kraft","GB","5","TE11","98","113","117","117","","116","113.0"
"109","Emeka Egbuka","TB","9","WR46","120","102","153","100","","90","113.2"
"110","Quinshon Judkins","CLE","9","RB37","144","75","93","103","","157","113.3"
"111","Jordan Mason","MIN","6","RB38","139","107","148","86","","97","113.5"
"112","Jayden Reed","GB","5","WR47","124","101","126","112","","105","113.5"
"113","Colston Loveland","CHI","5","TE12","117","105","113","105","","122","115.3"
"114","Josh Downs","IND","11","WR48","129","104","137","116","","89","116.8"
"115","Zach Charbonnet","SEA","8","RB39","152","110","156","95","","100","119.0"
"116","Caleb Williams","CHI","5","QB15","115","122","111","111","","131","119.0"
"117","Philadelphia Eagles","DST","9","DST2","118","127","92","145","","151","119.8"
"118","Michael Pittman Jr.","IND","11","WR49","116","117","171","115","","99","123.8"
"119","Keon Coleman","BUF","7","WR50","112","121","144","131","","117","124.2"
"120","Najee Harris","LAC","12","RB40","161","133","114","114","","126","124.5"
"121","Brandon Aiyuk","SF","14","WR51","159","112","122","132","","125","125.5"
"122","Baltimore Ravens","DST","7","DST3","105","128","120","166","","127","126.3"
"123","Dalton Kincaid","BUF","7","TE13","126","109","128","148","","123","129.8"
"124","Jonnu Smith","PIT","5","TE14","169","97","73","141","","164","130.7"
"125","Jake Bates","DET","8","K2","93","130","103","160","","137","131.3"
"126","C.J. Stroud","HOU","6","QB16","141","120","131","147","","121","131.3"
"127","Jordan Love","GB","5","QB17","128","124","135","151","","133","131.7"
"128","Cameron Dicker","LAC","12","K3","108","132","79","149","","176","132.8"
"129","Drake Maye","NE","14","QB18","134","143","145","137","","111","134.7"
"130","Dallas Goedert","PHI","9","TE15","114","125","134","165","","143","135.0"
"131","Tyjae Spears","TEN","10","RB41","142","140","178","102","","120","136.2"
"132","Pittsburgh Steelers","DST","5","DST4","83","131","129","156","","185","136.8"
"133","Rachaad White","TB","9","RB42","147","146","139","119","","140","137.0"
"134","Darnell Mooney","ATL","5","WR52","130","116","175","134","","153","137.3"
"135","Kyle Pitts Sr.","ATL","5","TE16","133","115","130","135","","150","137.5"
"136","Jake Ferguson","DAL","10","TE17","143","123","155","129","","138","138.3"
"137","Tank Bigsby","JAC","8","RB43","138","147","208","99","","124","139.7"
"138","Jaydon Blue","DAL","10","RB44","175","141","151","101","","142","140.3"
"139","Buffalo Bills","DST","7","DST5","150","152","95","146","","188","143.0"
"140","Austin Ekeler","WAS","12","RB45","125","163","167","120","","162","143.3"
"141","J.J. McCarthy","MIN","6","QB19","135","149","150","142","","128","143.5"
"142","Houston Texans","DST","6","DST6","84","155","142","157","","167","144.0"
"143","Chase McLaughlin","TB","9","K4","100","135","112","174","","174","144.0"
"144","Minnesota Vikings","DST","6","DST7","107","136","146","172","","170","144.5"
"145","Jayden Higgins","HOU","6","WR53","136","114","204","130","","118","144.7"
"146","Rashid Shaheed","NO","11","WR54","131","139","183","163","","114","148.0"
"147","Zach Ertz","WAS","12","TE18","158","151","164","167","","172","155.5"
"148","Isaac Guerendo","SF","14","RB46","192","167","185","124","","134","156.0"
"149","Marvin Mims Jr.","DEN","12","WR55","172","148","173","136","","115","156.2"
"150","Chris Boswell","PIT","5","K5","140","134","68","199","","196","158.8"
"151","Trevor Lawrence","JAC","8","QB20","173","173","177","155","","129","159.3"
"152","Keenan Allen","LAC","12","WR56","122","180","240","138","","119","160.3"
"153","Trey Benson","ARI","8","RB47","155","166","229","121","","139","160.3"
"154","Bhayshul Tuten","JAC","8","RB48","221","169","157","143","","132","160.8"
"155","Christian Kirk","HOU","6","WR57","228","162","170","164","","112","161.5"
"156","Nick Chubb","HOU","6","RB49","178","145","194","123","","191","162.5"
"157","Jerome Ford","CLE","9","RB50","145","183","244","109","","156","162.7"
"158","Hollywood Brown","KC","10","WR58","171","189","115","168","","135","166.0"
"159","Tua Tagovailoa","MIA","12","QB21","163","199","193","150","","144","166.2"
"160","Tre' Harris","LAC","12","WR59","257","142","160","153","","136","166.5"
"161","Ka'imi Fairbairn","HOU","6","K6","174","160","89","170","","203","167.3"
"162","San Francisco 49ers","DST","14","DST8","180","157","78","211","","182","167.8"
"163","Luther Burden III","CHI","5","WR60","189","150","213","154","","145","168.7"
"164","Ray Davis","BUF","7","RB51","203","171","216","128","","149","169.5"
"165","Tyler Allgeier","ATL","5","RB52","164","185","174","144","","165","169.5"
"166","Hunter Henry","NE","14","TE19","157","172","172","162","","181","169.5"
"167","Detroit Lions","DST","8","DST9","127","153","147","203","","214","170.7"
"168","Jake Elliott","PHI","9","K7","137","156","132","212","","218","171.5"
"169","Rashod Bateman","BAL","7","WR61","183","165","186","192","","160","172.2"
"170","Kansas City Chiefs","DST","10","DST10","177","175","136","187","","189","173.3"
"171","Cameron Ward","TEN","10","QB22","162","161","162","222","","155","174.2"
"172","Matthew Stafford","LAR","8","QB23","165","195","163","239","","146","175.7"
"173","Adam Thielen","CAR","14","WR62","153","170","207","195","","148","176.2"
"174","Harrison Butker","KC","10","K8","148","138","143","189","","255","176.7"
"175","Braelon Allen","NYJ","9","RB53","181","186","221","125","","178","176.8"
"176","Dylan Sampson","CLE","9","RB54","160","174","258","139","","159","178.0"
"177","Bryce Young","CAR","14","QB24","186","187","184","185","","152","180.5"
"178","Xavier Legette","CAR","14","WR63","156","191","203","179","","154","181.0"
"179","Michael Penix Jr.","ATL","5","QB25","184","182","188","184","","184","183.2"
"180","Jason Sanders","MIA","12","K9","146","252","109","218","","209","183.7"
"181","Isaiah Likely","BAL","7","TE20","196","168","154","198","","201","183.8"
"182","Tyler Bass","BUF","7","K10","151","159","141","248","","225","184.2"
"183","Jaylen Wright","MIA","12","RB55","199","201","232","152","","179","189.0"
"184","Wil Lutz","DEN","12","K11","206","211","133","175","","224","194.7"
"185","Jack Bech","LV","8","WR64","207","176","227","158","","210","194.7"
"186","Green Bay Packers","DST","5","DST11","194","212","192","240","","192","195.2"
"187","Seattle Seahawks","DST","8","DST12","132","178","179","272","","219","195.8"
"188","Kyle Williams","NE","14","WR65","215","164","220","201","","169","196.3"
"189","Kareem Hunt","KC","10","RB56","218","196","199","173","","215","199.2"
"190","Wan'Dale Robinson","NYG","14","WR66","190","198","257","190","","171","199.5"
"191","Geno Smith","LV","8","QB26","223","227","201","217","","158","201.3"
"192","Jalen McMillan","TB","9","WR67","225","192","215","181","","177","202.0"
"193","Brenton Strange","JAC","8","TE21","230","184","252","176","","175","202.3"
"194","Pat Freiermuth","PIT","5","TE22","198","203","176","234","","183","202.3"
"195","Cedric Tillman","CLE","9","WR68","166","190","309","182","","163","204.0"
"196","Los Angeles Chargers","DST","12","DST13","219","251","152","241","","195","205.0"
"197","Cade Otton","TB","9","TE23","227","205","210","183","","190","206.0"
"198","Darren Waller","MIA","12","TE24","201","215","191","231","","261","208.8"
"199","Aaron Rodgers","PIT","5","QB27","197","220","195","243","","199","209.2"
"200","Evan McPherson","CIN","10","K12","187","177","187","254","","266","212.7"
"201","Younghoe Koo","ATL","5","K13","191","154","168","270","","308","214.5"
"202","Los Angeles Rams","DST","8","DST14","211","216","196","208","","233","215.0"
"203","Washington Commanders","DST","12","DST15","209","137","165","264","","310","215.3"
"204","Dallas Cowboys","DST","10","DST16","195","250","159","214","","296","215.5"
"205","Cam Little","JAC","8","K14","154","209","166","224","","325","218.0"
"206","New England Patriots","DST","14","DST17","149","213","189","263","","314","220.0"
"207","Arizona Cardinals","DST","8","DST18","202","248","149","242","","256","220.2"
"208","Anthony Richardson Sr.","IND","11","QB28","248","226","219","216","","216","222.5"
"209","New York Giants","DST","14","DST19","182","217","190","228","","331","222.7"
"210","Mike Gesicki","CIN","10","TE25","234","194","254","245","","186","222.7"
"211","Justice Hill","BAL","7","RB57","284","228","230","169","","211","225.0"
"212","Romeo Doubs","GB","5","WR69","338","221","223","193","","166","225.3"
"213","New York Jets","DST","9","DST20","179","218","211","260","","279","227.3"
"214","Rico Dowdle","CAR","14","RB58","","193","214","140","","161","181.2"
"215","Will Reichard","MIN","6","K15","214","249","197","276","","285","241.7"
"216","DeAndre Hopkins","BAL","7","WR70","213","202","182","159","","200","191.2"
"217","Tampa Bay Buccaneers","DST","9","DST21","193","179","138","275","","180","193.0"
"218","Jake Moody","SF","14","K16","217","247","200","274","","319","248.2"
"219","Quentin Johnston","LAC","12","WR71","","208","255","232","","141","200.0"
"220","Sam Darnold","SEA","8","QB29","208","224","198","204","","168","200.4"
"221","Tyler Loop","BAL","7","K17","167","158","205","249","","236","203.0"
"222","Joshua Palmer","BUF","7","WR72","","197","238","200","","173","204.2"
"223","Chig Okonkwo","TEN","10","TE26","188","223","231","188","","206","207.2"
"224","DeMario Douglas","NE","14","WR73","","200","267","180","","193","208.4"
"225","Will Shipley","PHI","9","RB59","378","229","323","215","","207","258.7"
"226","Chicago Bears","DST","5","DST22","200","","85","246","","313","213.8"
"227","Matt Gay","WAS","12","K18","170","","181","251","","311","214.6"
"228","Roschon Johnson","CHI","5","RB60","","206","289","186","","226","214.8"
"229","Elijah Arroyo","SEA","8","TE27","235","188","263","210","","202","219.6"
"230","Daniel Carlson","LV","8","K19","216","210","161","265","","249","220.2"
"231","Dalton Schultz","HOU","6","TE28","220","231","218","237","","217","224.6"
"232","Brandon McManus","GB","5","K20","204","","202","220","","327","231.8"
"233","Raheem Mostert","LV","8","RB61","","259","236","255","","234","237.6"
"234","MarShawn Lloyd","GB","5","RB62","","246","294","221","","229","241.0"
"235","Jacory Croskey-Merritt","WAS","12","RB63","","219","350","177","","276","246.8"
"236","Isaac TeSlaa","DET","8","WR74","237","254","241","258","","302","258.4"
"237","Ja'Tavion Sanders","CAR","14","TE29","268","242","274","267","","242","258.6"
"238","Trevor Etienne","CAR","14","RB64","","302","264","244","","277","262.8"
"239","Kendre Miller","NO","11","RB65","","266","357","261","","258","263.4"
"240","Zack Moss","","","RB66","355","312","209","209","","275","272.0"
"241","Blake Corum","LAR","8","RB67","","207","242","223","","198","217.5"
"242","Shedeur Sanders","CLE","9","QB30","185","214","206","","","281","221.5"
"243","Mason Taylor","NYJ","9","TE30","","204","262","207","","221","223.5"
"244","Taysom Hill","NO","11","TE31","262","315","283","","","384","279.8"
"245","Tory Horton","SEA","8","WR75","269","255","359","262","","263","281.6"
"246","Miles Sanders","DAL","10","RB68","","233","261","194","","223","227.8"
"247","Alec Pierce","IND","11","WR76","","234","248","233","","197","228.0"
"248","Cincinnati Bengals","DST","10","DST23","222","","101","266","","328","229.3"
"249","Cleveland Browns","DST","9","DST24","212","","127","268","","326","233.3"
"250","DJ Giddens","IND","11","RB69","","240","310","197","","187","233.5"
"251","Jaxson Dart","NYG","14","QB31","205","256","250","","","228","234.8"
"252","Russell Wilson","NYG","14","QB32","254","262","233","","","204","238.3"
"253","Jalen Royals","KC","10","WR77","302","238","436","247","","230","290.6"
"254","Cole Kmet","CHI","5","TE32","233","285","228","","","213","239.8"
"255","Calvin Austin III","PIT","5","WR78","","237","266","","","232","241.5"
"256","Tyler Lockett","TEN","10","WR79","242","230","235","","","267","243.5"
"257","Dont'e Thornton Jr.","LV","8","WR80","","181","269","227","","306","245.8"
"258","Elijah Mitchell","KC","10","RB70","","279","253","206","","250","247.0"
"259","Joshua Karty","LAR","8","K21","250","","212","269","","262","248.3"
"260","Keaton Mitchell","BAL","7","RB71","","257","281","202","","265","251.3"
"261","Indianapolis Colts","DST","11","DST25","168","282","226","","","334","252.5"
"262","Kyle Monangai","CHI","5","RB72","","235","324","161","","316","259.0"
"263","Jaleel McLaughlin","DEN","12","RB73","","295","169","277","","297","259.5"
"264","Jalen Milroe","SEA","8","QB33","245","274","282","","","246","261.8"
"265","Las Vegas Raiders","DST","8","DST26","231","271","224","","","324","262.5"
"266","Noah Gray","KC","10","TE33","255","278","245","","","273","262.8"
"267","Miami Dolphins","DST","12","DST27","252","263","222","","","317","263.5"
"268","Kayshon Boutte","NE","14","WR81","299","318","396","250","","291","310.8"
"269","Tyler Higbee","LAR","8","TE34","241","298","268","","","253","265.0"
"270","Jaylin Noel","HOU","6","WR82","","239","377","253","","194","265.8"
"271","Darius Slayton","NYG","14","WR83","","269","319","236","","244","267.0"
"272","New Orleans Saints","DST","11","DST28","239","272","239","","","322","268.0"
"273","Brashard Smith","KC","10","RB74","","241","402","235","","220","274.5"
"274","Justin Tucker","","","K22","210","267","272","","","352","275.3"
"275","Woody Marks","HOU","6","RB75","","222","401","171","","315","277.3"
"276","Joe Flacco","CLE","9","QB34","277","286","276","","","270","277.3"
"277","Jordan James","SF","14","RB76","","277","321","256","","257","277.8"
"278","Dyami Brown","JAC","8","WR84","","260","370","252","","231","278.3"
"279","Michael Wilson","ARI","8","WR85","","264","339","273","","239","278.8"
"280","Pat Bryant","DEN","12","WR86","","225","376","259","","259","279.8"
"281","Jacksonville Jaguars","DST","8","DST29","243","284","243","","","372","285.5"
"282","Dontayvion Wicks","GB","5","WR87","344","289","304","","","212","287.3"
"283","Jarquez Hunter","LAR","8","RB77","","236","547","178","","235","299.0"
"284","Ollie Gordon II","MIA","12","RB78","","275","301","238","","341","288.8"
"285","Tennessee Titans","DST","10","DST30","249","253","270","","","387","289.8"
"286","Troy Franklin","DEN","12","WR88","288","288","333","","","264","293.3"
"287","Terrance Ferguson","LAR","8","TE35","300","243","351","","","286","295.0"
"288","Atlanta Falcons","DST","5","DST31","226","","217","","","240","227.7"
"289","Tahj Brooks","CIN","10","RB79","","258","476","196","","268","299.5"
"290","Jason Myers","SEA","8","K23","236","","180","","","283","233.0"
"291","Noah Fant","CIN","10","TE36","351","324","249","","","320","311.0"
"292","Cairo Santos","CHI","5","K24","176","","225","","","348","249.7"
"293","Devin Neal","NO","11","RB80","","244","511","271","","245","317.8"
"294","Elic Ayomanor","TEN","10","WR89","","232","334","","","208","258.0"
"295","Devin Singletary","NYG","14","RB81","","","259","226","","300","261.7"
"296","A.J. Dillon","PHI","9","RB82","","","291","205","","299","265.0"
"297","Samaje Perine","CIN","10","RB83","","","302","","","340","266.0"
"298","Juwan Johnson","NO","11","TE37","","273","288","","","238","266.3"
"299","Andrei Iosivas","CIN","10","WR90","","270","280","","","251","267.0"
"300","Jalen Coker","CAR","14","WR91","","261","344","","","205","270.0"
"301","Ty Johnson","BUF","7","RB84","","","318","191","","304","271.0"
"302","Diontae Johnson","CLE","9","WR92","","290","284","","","243","272.3"
"303","Ray-Ray McCloud III","ATL","5","WR93","","","325","219","","278","274.0"
"304","Jalen Nailor","MIN","6","WR94","","","308","225","","292","275.0"
"305","Audric Estime","DEN","12","RB85","404","321","332","","","271","332.0"
"306","Antonio Gibson","NE","14","RB86","","","307","229","","293","276.3"
"307","Tyler Shough","NO","11","QB35","","281","328","","","227","278.7"
"308","Tyler Conklin","LAC","12","TE38","","308","260","","","272","280.0"
"309","Sean Tucker","TB","9","RB87","","","331","230","","280","280.3"
"310","Adonai Mitchell","IND","11","WR95","","265","341","","","237","281.0"
"311","Theo Johnson","NYG","14","TE39","","268","322","","","254","281.3"
"312","Luke McCaffrey","WAS","12","WR96","266","","297","","","282","281.7"
"313","Roman Wilson","PIT","5","WR97","303","280","431","","","333","336.8"
"314","Dawson Knox","BUF","7","TE40","229","","247","","","377","284.3"
"315","Kirk Cousins","ATL","5","QB36","258","","271","","","330","286.3"
"316","Andy Borregales","NE","14","K25","247","","275","","","339","287.0"
"317","Tank Dell","HOU","6","WR98","260","","251","","","350","287.0"
"318","Tutu Atwell","LAR","8","WR99","","304","313","","","252","289.7"
"319","Daniel Jones","IND","11","QB37","","287","336","","","248","290.3"
"320","Amari Cooper","","","WR100","","245","380","","","247","290.7"
"321","Dameon Pierce","HOU","6","RB88","401","","299","278","","404","345.5"
"322","Graham Gano","NYG","14","K26","232","","256","","","399","295.7"
"323","Carolina Panthers","DST","14","DST32","224","","277","","","388","296.3"
"324","Blake Grupe","NO","11","K27","265","","234","","","393","297.3"
"325","Marquez Valdes-Scantling","SEA","8","WR101","","309","312","","","274","298.3"
"326","Harold Fannin Jr.","CLE","9","TE41","315","276","477","","","329","349.3"
"327","Chad Ryland","ARI","8","K28","298","","273","","","347","306.0"
"328","Dustin Hopkins","CLE","9","K29","246","","278","","","401","308.3"
"329","Jameis Winston","NYG","14","QB38","271","","335","","","321","309.0"
"330","Christian Watson","GB","5","WR102","","293","338","","","298","309.7"
"331","Hunter Renfrow","CAR","14","WR103","238","","337","","","355","310.0"
"332","KaVontae Turpin","DAL","10","WR104","394","","237","","","301","310.7"
"333","Luke Musgrave","GB","5","TE42","274","","320","","","345","313.0"
"334","AJ Barner","SEA","8","TE43","279","","295","","","373","315.7"
"335","Michael Mayer","LV","8","TE44","","326","292","","","332","316.7"
"336","Elijah Moore","BUF","7","WR105","323","","303","","","338","321.3"
"337","Emanuel Wilson","GB","5","RB89","","","372","257","","346","325.0"
"338","Joe Milton III","DAL","10","QB39","297","","315","","","364","325.3"
"339","Darnell Washington","PIT","5","TE45","259","","293","","","429","327.0"
"340","Jahan Dotson","PHI","9","WR106","253","","300","","","430","327.7"
"341","Joey Slye","TEN","10","K30","305","","285","","","395","328.3"
"342","Jordan Whittington","LAR","8","WR107","","305","398","","","294","332.3"
"343","Will Dissly","LAC","12","TE46","343","","287","","","378","336.0"
"344","Austin Hooper","NE","14","TE47","286","","316","","","407","336.3"
"345","Tim Patrick","DET","8","WR108","289","","317","","","403","336.3"
"346","Tanner McKee","PHI","9","QB40","282","","358","","","371","337.0"
"347","Zamir White","LV","8","RB90","276","","392","","","354","340.7"
"348","Matthew Wright","CAR","14","K31","353","","327","","","344","341.3"
"349","Jalen Tolbert","DAL","10","WR109","","","286","","","241","263.5"
"350","Spencer Shrader","IND","11","K32","331","","305","","","396","344.0"
"351","JuJu Smith-Schuster","KC","10","WR110","272","","265","","","","268.5"
"352","Damien Martinez","SEA","8","RB91","432","","397","","","222","350.3"
"353","Jimmy Horn Jr.","CAR","14","WR111","267","","290","","","","278.5"
"354","Mason Rudolph","PIT","5","QB41","304","","383","","","375","354.0"
"355","Tre Tucker","LV","8","WR112","","","296","","","269","282.5"
"356","Mack Hollins","NE","14","WR113","293","","347","","","425","355.0"
"357","Curtis Samuel","BUF","7","WR114","354","","361","","","351","355.3"
"358","Xavier Restrepo","TEN","10","WR115","495","283","479","","","312","392.3"
"359","Olamide Zaccheaus","CHI","5","WR116","349","","416","","","318","361.0"
"360","Ben Sinnott","WAS","12","TE48","","292","470","","","323","361.7"
"361","Nick Westbrook-Ikhine","MIA","12","WR117","","","298","","","290","294.0"
"362","Luke Schoonmaker","DAL","10","TE49","295","","355","","","438","362.7"
"363","Malik Willis","GB","5","QB42","319","","421","","","349","363.0"
"364","Allen Lazard","NYJ","9","WR118","","","306","","","284","295.0"
"365","Devaughn Vele","DEN","12","WR119","490","","340","","","260","363.3"
"366","Oronde Gadsden II","LAC","12","TE50","","291","461","","","343","365.0"
"367","Josh Oliver","MIN","6","TE51","322","","326","","","449","365.7"
"368","Will Howard","PIT","5","QB43","330","","349","","","418","365.7"
"369","Nick Folk","NYJ","9","K33","251","","352","","","","301.5"
"370","Elijah Higgins","ARI","8","TE52","324","","356","","","423","367.7"
"371","Jake Bobo","SEA","8","WR120","285","","374","","","445","368.0"
"372","Julian Hill","MIA","12","TE53","296","","373","","","436","368.3"
"373","Craig Reynolds","DET","8","RB92","332","","386","","","389","369.0"
"374","Caden Davis","BUF","7","K34","264","","444","","","400","369.3"
"375","Jermar Jefferson","TEN","10","RB93","244","","368","","","","306.0"
"376","Jimmy Garoppolo","LAR","8","QB44","340","","406","","","367","371.0"
"377","Brandin Cooks","NO","11","WR121","","","311","","","303","307.0"
"378","Ryan Fitzgerald","CAR","14","K35","256","","360","","","","308.0"
"379","KeAndre Lambert-Smith","LAC","12","WR122","290","","463","","","366","373.0"
"380","Spencer Rattler","NO","11","QB45","371","","342","","","408","373.7"
"381","Grant Calcaterra","PHI","9","TE54","312","","314","","","","313.0"
"382","Brock Wright","DET","8","TE55","301","","329","","","","315.0"
"383","Robert Woods","PIT","5","WR123","327","","378","","","426","377.0"
"384","Ty Chandler","MIN","6","RB94","339","","354","","","441","378.0"
"385","Harrison Mevis","NYJ","9","K36","240","","399","","","","319.5"
"386","Tez Johnson","TB","9","WR124","356","","474","","","309","379.7"
"387","Mitchell Trubisky","BUF","7","QB46","333","","440","","","368","380.3"
"388","Mac Jones","SF","14","QB47","364","","369","","","415","382.7"
"389","Parker Romo","NE","14","K37","320","","330","","","","325.0"
"390","Odell Beckham Jr.","","","WR125","273","","379","","","","326.0"
"391","Jermaine Burton","CIN","10","WR126","421","327","467","","","437","413.0"
"392","Kalif Raymond","DET","8","WR127","325","","381","","","448","384.7"
"393","Tai Felton","MIN","6","WR128","362","","548","","","295","401.7"
"394","Carson Steele","KC","10","RB95","316","","343","","","","329.5"
"395","Joshua Dobbs","NE","14","QB48","280","","382","","","","331.0"
"396","Demarcus Robinson","SF","14","WR129","424","","346","","","392","387.3"
"397","Deshaun Watson","CLE","9","QB49","261","","409","","","","335.0"
"398","Jarrett Stidham","DEN","12","QB50","428","","385","","","361","391.3"
"399","Cooper Rush","BAL","7","QB51","369","","413","","","394","392.0"
"400","Kenneth Gainwell","PIT","5","RB96","","","279","","","402","340.5"
"401","Parker Washington","JAC","8","WR130","","","395","","","289","342.0"
"402","Savion Williams","GB","5","WR131","399","","746","","","287","477.3"
"403","Jude McAtamney","NYG","14","K38","281","","473","","","434","396.0"
"404","Andy Dalton","CAR","14","QB52","342","","404","","","442","396.0"
"405","Kendrick Bourne","NE","14","WR132","328","","411","","","451","396.7"
"406","Tommy Tremble","CAR","14","TE56","341","","448","","","405","398.0"
"407","David Moore","CAR","14","WR133","413","","363","","","422","399.3"
"408","Efton Chism III","NE","14","WR134","291","","549","","","409","416.3"
"409","Greg Joseph","","","K39","406","","364","","","432","400.7"
"410","Noah Brown","WAS","12","WR135","","","362","","","342","352.0"
"411","Deuce Vaughn","DAL","10","RB97","376","","393","","","435","401.3"
"412","J.J. Taylor","HOU","6","RB98","287","","418","","","","352.5"
"413","Quinn Ewers","MIA","12","QB53","307","","403","","","","355.0"
"414","Adam Trautman","DEN","12","TE57","345","","367","","","","356.0"
"415","LaJohntay Wester","BAL","7","WR136","283","","435","","","","359.0"
"416","Cam Akers","NO","11","RB99","462","","388","","","383","411.0"
"417","Jalin Hyatt","NYG","14","WR137","308","","426","","","","367.0"
"418","Malik Washington","MIA","12","WR138","","","430","","","305","367.5"
"419","Mecole Hardman Jr.","GB","5","WR139","352","","384","","","","368.0"
"420","Leonard Fournette","","","RB100","381","","","","","357","369.0"
"421","Ainias Smith","PHI","9","WR140","367","","375","","","","371.0"
"422","Marcus Mariota","WAS","12","QB54","500","","407","","","336","414.3"
"423","Gardner Minshew II","KC","10","QB55","359","","496","","","390","415.0"
"424","Kyle Juszczyk","SF","14","RB101","","","246","","","","246.0"
"425","Brandon Allen","TEN","10","QB56","461","303","483","","","","415.7"
"426","Zane Gonzalez","","","K40","360","","484","","","406","416.7"
"427","Trey Lance","LAC","12","QB57","361","","390","","","","375.5"
"428","Tommy DeVito","NYG","14","QB58","292","","462","","","","377.0"
"429","Mo Alie-Cox","IND","11","TE58","414","","410","","","431","418.3"
"430","Kenny Pickett","CLE","9","QB59","","","423","","","335","379.0"
"431","Khalil Herbert","IND","11","RB102","375","","506","","","385","422.0"
"432","Mitchell Evans","CAR","14","TE59","311","","859","","","450","540.0"
"433","Jake Browning","CIN","10","QB60","409","","494","","","359","420.7"
"434","Jordan Travis","","","QB61","263","","","","","","263.0"
"435","Sterling Shepard","TB","9","WR141","418","","345","","","","381.5"
"436","Kadarius Toney","","","WR142","317","","449","","","","383.0"
"437","Zach Wilson","MIA","12","QB62","346","","622","","","420","462.7"
"438","Scott Matlock","LAC","12","DT1","270","","","","","","270.0"
"439","Sam Howell","MIN","6","QB63","402","","642","","","369","471.0"
"440","Daniel Bellinger","NYG","14","TE60","318","","454","","","","386.0"
"441","C.J. Ham","MIN","6","RB103","334","","439","","","","386.5"
"442","Mason Crosby","","","K41","275","","","","","","275.0"
"443","Drew Lock","SEA","8","QB64","411","","365","","","","388.0"
"444","Jaylin Lane","WAS","12","WR143","366","","533","","","411","436.7"
"445","John Samuel Shenker","","","TE61","278","","","","","","278.0"
"446","Hendon Hooker","DET","8","QB65","329","","458","","","","393.5"
"447","Gabe Davis","","","WR144","","","","","","288","288.0"
"448","Jamari Thrash","CLE","9","WR145","415","","815","","","374","534.7"
"449","Drew Sample","CIN","10","TE62","426","","366","","","","396.0"
"450","Anders Carlson","","","K42","","","394","","","398","396.0"
"451","Ezekiel Elliott","","","RB104","294","","","","","","294.0"
"452","Quinn Nordin","","","K43","","296","","","","","296.0"
"453","Daijun Edwards","","","RB105","","297","","","","","297.0"
"454","Patrick Ricard","BAL","7","RB106","385","","412","","","","398.5"
"455","Michael Wiley","KC","10","RB107","","299","846","","","","572.5"
"456","Christian Wade","","","RB108","","300","","","","","300.0"
"457","Tylan Wallace","BAL","7","WR146","383","","419","","","","401.0"
"458","Van Jefferson","TEN","10","WR147","","","389","","","414","401.5"
"459","Nathan Rourke","","","QB66","306","","","","","","306.0"
"460","Hayden Hatten","","","WR148","","306","","","","","306.0"
"461","Ricky White III","SEA","8","WR149","","","","","","307","307.0"
"462","Matt Barkley","","","QB67","309","","","","","","309.0"
"463","Ben DiNucci","","","QB68","310","","","","","","310.0"
"464","Luke Benson","","","TE63","","310","","","","","310.0"
"465","Wayne Gallman Jr.","","","RB109","","311","","","","","311.0"
"466","D.J. Montgomery","IND","11","WR150","368","","443","","","","405.5"
"467","Dalvin Cook","","","RB110","313","","","","","","313.0"
"468","Kyle Shurmur","","","QB69","","313","","","","","313.0"
"469","Trey Potts","","","RB111","","314","","","","","314.0"
"470","Lil'Jordan Humphrey","NYG","14","WR151","372","","442","","","","407.0"
"471","Equanimeous St. Brown","SF","14","WR152","314","","572","","","","443.0"
"472","Gunnar Helm","TEN","10","TE64","397","","545","","","419","453.7"
"473","Drake Stoops","LAR","8","WR153","","316","849","","","","582.5"
"474","Coleman Owen","IND","11","WR154","","317","884","","","","600.5"
"475","Greg Ward","","","WR155","","319","","","","","319.0"
"476","DeWayne McBride","","","RB112","321","","","","","","321.0"
"477","Jalen Guyton","","","WR156","","322","","","","","322.0"
"478","Josh Reynolds","NYJ","9","WR157","","","485","","","337","411.0"
"479","Lew Nichols III","PIT","5","RB113","","323","","","","","323.0"
"480","Cam Sutton","","","TE65","","325","","","","","325.0"
"481","Greg Dortch","ARI","8","WR158","","","415","","","410","412.5"
"482","Ja'Corey Brooks","WAS","12","WR159","326","","","","","","326.0"
"483","Nikola Kalinic","ATL","5","TE66","","328","","","","","328.0"
"484","Julius Chestnut","TEN","10","RB114","373","","456","","","","414.5"
"485","Carson Wentz","","","QB70","391","","438","","","","414.5"
"486","Cade York","","","K44","443","","391","","","","417.0"
"487","Trey Palmer","TB","9","WR160","441","","460","","","433","444.7"
"488","Max Duggan","","","QB71","335","","","","","","335.0"
"489","Trey Sermon","PIT","5","RB115","","","450","","","386","418.0"
"490","Cade Stover","HOU","6","TE67","336","","537","","","","436.5"
"491","Eddy Pineiro","","","K45","348","","490","","","","419.0"
"492","Frank Gore Jr.","BUF","7","RB116","412","","433","","","","422.5"
"493","Connor Heyward","PIT","5","TE68","475","","371","","","","423.0"
"494","Jonathan Mingo","DAL","10","WR161","430","","518","","","416","454.7"
"495","John Ross","","","WR162","347","","","","","","347.0"
"496","Kazmeir Allen","WAS","12","WR163","","","697","","","353","525.0"
"497","Phil Mafah","DAL","10","RB117","491","","743","","","363","532.3"
"498","Konata Mumpfield","LAR","8","WR164","","","759","","","356","557.5"
"499","Julio Jones","","","WR165","357","","","","","","357.0"
"500","Jordan Watkins","SF","14","WR166","440","","607","","","417","488.0"
"501","Jason Brownlee","KC","10","WR167","","","","","","358","358.0"
"502","Braxton Berrios","HOU","6","WR168","358","","575","","","","466.5"
"503","Darius Cooper","PHI","9","WR169","","","497","","","362","429.5"
"504","George Holani","SEA","8","RB118","388","","472","","","","430.0"
"505","Nick Mullens","JAC","8","QB72","","","566","","","360","463.0"
"506","Robbie Chosen","SF","14","WR170","363","","769","","","","566.0"
"507","Foster Moreau","NO","11","TE69","","","441","","","424","432.5"
"508","John Bates","WAS","12","TE70","365","","625","","","","495.0"
"509","Kalel Mullings","TEN","10","RB119","","","748","","","365","556.5"
"510","Arian Smith","NYJ","9","WR171","423","","660","","","444","509.0"
"511","Cole Beasley","","","WR172","","","","","","370","370.0"
"512","Teddy Bridgewater","TB","9","QB73","370","","553","","","","461.5"
"513","Kimani Vidal","LAC","12","RB120","483","","469","","","421","457.7"
"514","Johnny Wilson","PHI","9","WR173","374","","714","","","","544.0"
"515","Jeremy McNichols","WAS","12","RB121","467","","408","","","","437.5"
"516","Dominic Lovett","DET","8","WR174","","","874","","","376","625.0"
"517","Jacob Kibodi","","","RB122","377","","","","","","377.0"
"518","Cedrick Wilson Jr.","NO","11","WR175","","","573","","","379","476.0"
"519","Devontez Walker","BAL","7","WR176","379","","701","","","","540.0"
"520","Tyree Jackson","WAS","12","TE71","","","778","","","380","579.0"
"521","Dallin Holker","","","TE72","380","","842","","","","611.0"
"522","Scotty Miller","PIT","5","WR177","382","","589","","","","485.5"
"523","Michael Carter","ARI","8","RB123","","","621","","","382","501.5"
"524","Jermaine Jackson","","","WR178","384","","","","","","384.0"
"525","Josh Whyle","TEN","10","TE73","","","459","","","427","443.0"
"526","Jeremy Ruckert","NYJ","9","TE74","386","","516","","","","451.0"
"527","Clyde Edwards-Helaire","NO","11","RB124","","","387","","","","387.0"
"528","Derius Davis","LAC","12","WR179","387","","524","","","","455.5"
"529","Colby Parkinson","LAR","8","TE75","","","446","","","443","444.5"
"530","Lucky Jackson","MIN","6","WR180","389","","534","","","","461.5"
"531","Ryan Tannehill","","","QB74","390","","","","","","390.0"
"532","Dillon Gabriel","CLE","9","QB75","","","544","","","391","467.5"
"533","Charlie Jones","CIN","10","WR181","392","","658","","","","525.0"
"534","Brett Maher","","","K46","393","","","","","","393.0"
"535","Stetson Bennett IV","LAR","8","QB76","395","","664","","","","529.5"
"536","Darrell Henderson Jr.","","","RB125","396","","","","","","396.0"
"537","Rasheen Ali","BAL","7","RB126","431","","466","","","","448.5"
"538","Zay Jones","ARI","8","WR182","","","560","","","397","478.5"
"539","Riley Leonard","IND","11","QB77","398","","750","","","","574.0"
"540","Dorian Thompson-Robinson","PHI","9","QB78","442","","457","","","","449.5"
"541","Lenny Krieg","ATL","5","K47","","","400","","","","400.0"
"542","Raheem Blackshear","CAR","14","RB127","400","","654","","","","527.0"
"543","Jaren Hall","","","QB79","403","","","","","","403.0"
"544","Greg Zuerlein","","","K48","","","405","","","","405.0"
"545","Donovan Peoples-Jones","NO","11","WR183","405","","","","","","405.0"
"546","Ihmir Smith-Marsette","NYG","14","WR184","407","","792","","","","599.5"
"547","Kyle Allen","DET","8","QB80","408","","578","","","","493.0"
"548","Tyson Bagent","CHI","5","QB81","410","","673","","","","541.5"
"549","Emari Demercado","ARI","8","RB128","","","529","","","412","470.5"
"550","Isaiah Davis","NYJ","9","RB129","","","541","","","413","477.0"
"551","Justin Watson","HOU","6","WR185","","","414","","","","414.0"
"552","Darrynton Evans","BUF","7","RB130","","","417","","","","417.0"
"553","Tyler Johnson","NYJ","9","WR186","471","","503","","","447","473.7"
"554","Michael Badgley","","","K49","419","","","","","","419.0"
"555","Hassan Haskins","LAC","12","RB131","","","420","","","","420.0"
"556","Donovan Edwards","NYJ","9","RB132","420","","523","","","","471.5"
"557","Gunner Olszewski","NYG","14","WR187","422","","","","","","422.0"
"558","John Metchie III","HOU","6","WR188","","","422","","","","422.0"
"559","Sincere McCormick","LV","8","RB133","","","424","","","","424.0"
"560","Patrick Taylor Jr.","SF","14","RB134","479","","445","","","","462.0"
"561","Aidan O'Connell","LV","8","QB82","","","425","","","","425.0"
"562","Brayden Narveson","","","K50","425","","","","","","425.0"
"563","E.J. Jenkins","PHI","9","TE76","","","427","","","","427.0"
"564","Gavin Bartholomew","MIN","6","TE77","427","","762","","","","594.5"
"565","Hunter Luepke","DAL","10","RB135","","","428","","","","428.0"
"566","Chimere Dike","TEN","10","WR189","","","880","","","428","654.0"
"567","Chris Brooks","GB","5","RB136","","","429","","","","429.0"
"568","Charlie Kolar","BAL","7","TE78","429","","513","","","","471.0"
"569","Jacob Cowing","SF","14","WR190","","","432","","","","432.0"
"570","Tanner Brown","","","K51","433","","","","","","433.0"
"571","Matt Prater","","","K52","434","","551","","","","492.5"
"572","Henry Pearson","","","RB137","435","","","","","","435.0"
"573","D.J. Williams","","","RB138","436","","845","","","","640.5"
"574","Michael Burton","DEN","12","RB139","","","437","","","","437.0"
"575","Austin Seibert","","","K53","437","","","","","","437.0"
"576","Tommy Mellott","LV","8","QB83","438","","760","","","","599.0"
"577","Devin Duvernay","CHI","5","WR191","439","","595","","","","517.0"
"578","Jalin Conyers","MIA","12","TE79","","","896","","","439","667.5"
"579","David Bell","CLE","9","WR192","","","800","","","440","620.0"
"580","Phillip Dorsett II","LV","8","WR193","444","","","","","","444.0"
"581","Anthony Brown Jr.","","","QB84","445","","","","","","445.0"
"582","Desmond Ridder","CIN","10","QB85","446","","631","","","","538.5"
"583","Nick Nash","ATL","5","WR194","","","852","","","446","649.0"
"584","Mitch Van Vooren","CLE","9","WR195","","","447","","","","447.0"
"585","Nikko Remigio","KC","10","WR196","447","","680","","","","563.5"
"586","Brady Russell","SEA","8","TE80","448","","679","","","","563.5"
"587","Sione Vaki","DET","8","RB140","449","","536","","","","492.5"
"588","Cordarrelle Patterson","","","RB141","469","","481","","","","475.0"
"589","Charlie Woerner","ATL","5","TE81","450","","608","","","","529.0"
"590","Eric Gray","NYG","14","RB142","451","","","","","","451.0"
"591","Tyler Badie","DEN","12","RB143","","","451","","","","451.0"
"592","Tyler Goodson","IND","11","RB144","","","452","","","","452.0"
"593","Terrace Marshall Jr.","PHI","9","WR197","452","","614","","","","533.0"
"594","Tyquan Thornton","KC","10","WR198","","","453","","","","453.0"
"595","Andy Isabella","","","WR199","453","","781","","","","617.0"
"596","Malachi Corley","NYJ","9","WR200","454","","540","","","","497.0"
"597","Tyrion Davis-Price","GB","5","RB145","","","455","","","","455.0"
"598","Trent Sherfield Sr.","DEN","12","WR201","456","","775","","","","615.5"
"599","Matt Ammendola","","","K54","457","","","","","","457.0"
"600","KhaDarel Hodge","ATL","5","WR202","458","","583","","","","520.5"
"601","Christopher Dunn","","","K55","459","","","","","","459.0"
"602","DJ Chark Jr.","ATL","5","WR203","460","","","","","","460.0"
"603","Michael Gallup","WAS","12","WR204","472","","488","","","","480.0"
"604","Keith Kirkwood","BAL","7","WR205","463","","581","","","","522.0"
"605","Nate Adkins","DEN","12","TE82","","","464","","","","464.0"
"606","Laquon Treadwell","IND","11","WR206","464","","559","","","","511.5"
"607","Ben Sauls","PIT","5","K56","","","465","","","","465.0"
"608","Davis Allen","LAR","8","TE83","465","","522","","","","493.5"
"609","SaRodorick Thompson Jr.","","","RB146","466","","","","","","466.0"
"610","Charlie Smyth","NO","11","K57","","","468","","","","468.0"
"611","Riley Patterson","","","K58","468","","512","","","","490.0"
"612","Kendall Milton","CIN","10","RB147","","","471","","","","471.0"
"613","Skyy Moore","KC","10","WR207","473","","514","","","","493.5"
"614","Tanner Hudson","CIN","10","TE84","474","","580","","","","527.0"
"615","Jonathan","Kim","","K59","","","475","","","","475.0"
"616","Nathan Peterman","","","QB86","476","","","","","","476.0"
"617","Travis Homer","CHI","5","RB148","481","","495","","","","488.0"
"618","Ja'Lynn Polk","NE","14","WR208","477","","539","","","","508.0"
"619","Jalen White","GB","5","RB149","","","478","","","","478.0"
"620","Kylen Granson","PHI","9","TE85","478","","508","","","","493.0"
"621","Josh Johnson","WAS","12","QB87","","","480","","","","480.0"
"622","Luke Farrell","SF","14","TE86","480","","509","","","","494.5"
"623","Randy Bullock","","","K60","482","","","","","","482.0"
"624","Jacoby Brissett","ARI","8","QB88","","","482","","","","482.0"
"625","Jalen Reagor","LAC","12","WR209","484","","605","","","","544.5"
"626","Louis Rees-Zammit","","","RB150","485","","707","","","","596.0"
"627","Jamaal Williams","","","RB151","","","486","","","","486.0"
"628","Jonathon Brooks","CAR","14","RB152","486","","702","","","","594.0"
"629","Dare Ogunbowale","HOU","6","RB153","","","487","","","","487.0"
"630","Israel Abanikanda","GB","5","RB154","487","","670","","","","578.5"
"631","Miles Boykin","CHI","5","WR210","488","","587","","","","537.5"
"632","Dante Pettis","NO","11","WR211","","","489","","","","489.0"
"633","Tyler Scott","CHI","5","WR212","489","","657","","","","573.0"
"634","Ian Thomas","LV","8","TE87","","","491","","","","491.0"
"635","Tyreik McAllister","","","RB155","492","","","","","","492.0"
"636","Mark McNamee","GB","5","K61","","","492","","","","492.0"
"637","Trayveon Williams","CLE","9","RB156","","","493","","","","493.0"
"638","Matt Corral","","","QB89","493","","","","","","493.0"
"639","Ian Book","","","QB90","494","","","","","","494.0"
"640","Trenton Irwin","JAC","8","WR213","496","","591","","","","543.5"
"641","Myles Gaskin","BAL","7","RB157","497","","","","","","497.0"
"642","Isaiah Hodgins","SF","14","WR214","","","498","","","","498.0"
"643","Aaron Shampklin","MIA","12","RB158","498","","","","","","498.0"
"644","Harrison Bryant","PHI","9","TE88","","","499","","","","499.0"
"645","Kyle Trask","TB","9","QB91","499","","624","","","","561.5"
"646","Ryan","Coe","","K62","","","500","","","","500.0"
"647","Robbie Ouzts","SEA","8","TE89","","","501","","","","501.0"
"648","Jonathan Ward","NYG","14","RB159","","","502","","","","502.0"
"649","Caden Prieskorn","DEN","12","TE90","","","504","","","","504.0"
"650","Tim Jones","MIN","6","WR215","","","505","","","","505.0"
"651","Skylar Thompson","PIT","5","QB92","","","515","","","","515.0"
"652","Kevin Austin Jr.","NO","11","WR216","","","517","","","","517.0"
"653","Xavier Hutchinson","HOU","6","WR217","","","520","","","","520.0"
"654","Xavier Smith","LAR","8","WR218","","","521","","","","521.0"
"655","Payne Durham","TB","9","TE91","","","526","","","","526.0"
"656","Chris Rodriguez Jr.","WAS","12","RB160","","","527","","","","527.0"
"657","Andre Szmyt","CLE","9","K63","","","528","","","","528.0"
"658","Malik Knowles","","","WR219","","","530","","","","530.0"
"659","Ryan Miller","TB","9","WR220","","","531","","","","531.0"
"660","Winston Wright","","","WR221","","","532","","","","532.0"
"661","Ryan Flournoy","DAL","10","WR222","","","535","","","","535.0"
"662","Jaheim Bell","NE","14","TE92","","","538","","","","538.0"
"663","Terique Owens","SF","14","WR223","","","542","","","","542.0"
"664","Terrell Jennings","NE","14","RB161","","","543","","","","543.0"
"665","Tre Watson","KC","10","TE93","","","546","","","","546.0"
"666","Tyrod Taylor","NYJ","9","QB93","","","550","","","","550.0"
"667","Case Keenum","CHI","5","QB94","","","552","","","","552.0"
"668","Nelson Agholor","","","WR224","","","555","","","","555.0"
"669","DeAndre Carter","CLE","9","WR225","","","556","","","","556.0"
"670","Taylor Heinicke","LAC","12","QB95","","","557","","","","557.0"
"671","Chris Moore","WAS","12","WR226","","","558","","","","558.0"
"672","Eric Saubert","SEA","8","TE94","","","561","","","","561.0"
"673","Marcus Yarns","NO","11","RB162","","","562","","","","562.0"
"674","Jamal Agnew","ATL","5","WR227","","","563","","","","563.0"
"675","Johnny Mundt","JAC","8","TE95","","","564","","","","564.0"
"676","Zach Pascal","NYG","14","WR228","","","565","","","","565.0"
"677","Pharaoh Brown","MIA","12","TE96","","","567","","","","567.0"
"678","Hayden Hurst","","","TE97","","","568","","","","568.0"
"679","John Kelly Jr.","","","RB163","","","569","","","","569.0"
"680","Anthony Miller","BAL","7","WR229","","","570","","","","570.0"
"681","Durham Smythe","CHI","5","TE98","","","571","","","","571.0"
"682","Jeff Wilson Jr.","SF","14","RB164","","","574","","","","574.0"
"683","Brady Cook","NYJ","9","QB96","","","576","","","","576.0"
"684","Ross Dwelley","SF","14","TE99","","","577","","","","577.0"
"685","Tim Boyle","","","QB97","","","579","","","","579.0"
"686","Gus Edwards","","","RB165","","","582","","","","582.0"
"687","Alec Ingold","MIA","12","RB166","","","584","","","","584.0"
"688","Kelvin Harmon","","","WR230","","","586","","","","586.0"
"689","Irv Smith Jr.","HOU","6","TE100","","","588","","","","588.0"
"690","Jakob Johnson","HOU","6","RB167","","","590","","","","590.0"
"691","Malik Taylor","DET","8","WR231","","","592","","","","592.0"
"692","Steven Sims Jr.","SEA","8","WR232","","","593","","","","593.0"
"693","Tom Kennedy","DET","8","WR233","","","594","","","","594.0"
"694","Tyler Huntley","CLE","9","QB98","","","596","","","","596.0"
"695","James Proche II","TEN","10","WR234","","","597","","","","597.0"
"696","Giovanni Ricci","MIN","6","TE101","","","598","","","","598.0"
"697","Dalen Cambre","NYG","14","WR235","","","599","","","","599.0"
"698","Sean McKeon","IND","11","TE102","","","600","","","","600.0"
"699","Max Hurleman","PIT","5","CB1","","","601","","","","601.0"
"700","Cody White","SEA","8","WR236","","","602","","","","602.0"
"701","Trishton Jackson","ARI","8","WR237","","","603","","","","603.0"
"702","K.J. Osborn","WAS","12","WR238","","","604","","","","604.0"
"703","Chase Claypool","","","WR239","","","606","","","","606.0"
"704","DeeJay Dallas","ARI","8","RB168","","","609","","","","609.0"
"705","Tarik Black","MIA","12","WR240","","","611","","","","611.0"
"706","Kenny Yeboah","DET","8","TE103","","","612","","","","612.0"
"707","Avery Williams","PHI","9","RB169","","","613","","","","613.0"
"708","Dez Fitzpatrick","","","WR241","","","615","","","","615.0"
"709","Davis Mills","HOU","6","QB99","","","616","","","","616.0"
"710","Sam Ehlinger","DEN","12","QB100","","","617","","","","617.0"
"711","Ben Skowronek","PIT","5","WR242","","","618","","","","618.0"
"712","Zach Davidson","BUF","7","TE104","","","619","","","","619.0"
"713","Gary Brightwell","CIN","10","RB170","","","620","","","","620.0"
"714","Dee Eskridge","MIA","12","WR243","","","623","","","","623.0"
"715","Austin Trammell","JAC","8","WR244","","","626","","","","626.0"
"716","Jack Stoll","NO","11","TE105","","","627","","","","627.0"
"717","Jaret Patterson","LAC","12","RB171","","","628","","","","628.0"
"718","Shane Zylstra","DET","8","TE106","","","629","","","","629.0"
"719","John FitzPatrick","GB","5","TE107","","","630","","","","630.0"
"720","Michael Woods","II","","WR245","","","632","","","","632.0"
"721","Treylon Burks","TEN","10","WR246","","","633","","","","633.0"
"722","Drew Ogletree","IND","11","TE108","","","634","","","","634.0"
"723","Nick Muse","PHI","9","TE109","","","635","","","","635.0"
"724","Pierre Strong Jr.","CLE","9","RB172","","","636","","","","636.0"
"725","Bailey Zappe","KC","10","QB101","","","637","","","","637.0"
"726","Irvin Charles","NYJ","9","WR247","","","638","","","","638.0"
"727","Zonovan Knight","ARI","8","RB173","","","639","","","","639.0"
"728","Britain Covey","LAR","8","WR248","","","640","","","","640.0"
"729","Bo Melton","GB","5","WR249","","","641","","","","641.0"
"730","Justyn Ross","","","WR250","","","643","","","","643.0"
"731","Kendric Pryor","CIN","10","WR251","","","644","","","","644.0"
"732","Kaden Davis","CLE","9","WR252","","","645","","","","645.0"
"733","Brandon Johnson","PIT","5","WR253","","","646","","","","646.0"
"734","Seth Green","NO","11","TE110","","","647","","","","647.0"
"735","Braylon Sanders","WAS","12","WR254","","","648","","","","648.0"
"736","Lucas Krull","DEN","12","TE111","","","649","","","","649.0"
"737","Jashaun Corbin","ATL","5","RB174","","","650","","","","650.0"
"738","Ronnie Rivers","LAR","8","RB175","","","651","","","","651.0"
"739","Stone Smartt","NYJ","9","TE112","","","652","","","","652.0"
"740","Tucker Fisk","LAC","12","TE113","","","653","","","","653.0"
"741","Thomas Fidone II","NYG","14","TE114","","","655","","","","655.0"
"742","Justin Shorter","LV","8","WR255","","","656","","","","656.0"
"743","Jalen Brooks","DAL","10","WR256","","","659","","","","659.0"
"744","Kyle McCord","PHI","9","QB102","","","661","","","","661.0"
"745","Evan Hull","PIT","5","RB176","","","662","","","","662.0"
"746","Will Mallory","IND","11","TE115","","","663","","","","663.0"
"747","Zach Evans","","","RB177","","","665","","","","665.0"
"748","Dresser Winn","LAR","8","QB103","","","666","","","","666.0"
"749","Jake Haener","NO","11","QB104","","","667","","","","667.0"
"750","Beaux Collins","NYG","14","WR257","","","668","","","","668.0"
"751","Moochie Dixon","NO","11","WR258","","","669","","","","669.0"
"752","Ronnie Bell","DET","8","WR259","","","671","","","","671.0"
"753","Brayden Willis","SF","14","TE116","","","672","","","","672.0"
"754","Malik Heath","GB","5","WR260","","","674","","","","674.0"
"755","Zavier Scott","MIN","6","WR261","","","675","","","","675.0"
"756","DJ Uiagalelei","LAC","12","QB105","","","676","","","","676.0"
"757","Xavier Gipson","NYJ","9","WR262","","","677","","","","677.0"
"758","Ben VanSumeren","PHI","9","LB1","","","678","","","","678.0"
"759","Carlos Washington Jr.","ATL","5","RB178","","","681","","","","681.0"
"760","Jordan Mims","TEN","10","RB179","","","682","","","","682.0"
"761","Shedrick Jackson","LV","8","WR263","","","683","","","","683.0"
"762","Jalen Cropper","DAL","10","WR264","","","684","","","","684.0"
"763","Raheim Sanders","LAC","12","RB180","","","685","","","","685.0"
"764","JJ Galbreath","PIT","5","TE117","","","686","","","","686.0"
"765","Nick Kallerup","SEA","8","TE118","","","687","","","","687.0"
"766","Tyrone Broden","SEA","8","WR265","","","688","","","","688.0"
"767","Blake Whiteheart","CLE","9","TE119","","","689","","","","689.0"
"768","Isaiah Neyor","GB","5","WR266","","","690","","","","690.0"
"769","Thayer Thomas","MIN","6","WR267","","","691","","","","691.0"
"770","Johnny Lumpkin","GB","5","TE120","","","692","","","","692.0"
"771","Tyrell Shavers","BUF","7","WR268","","","693","","","","693.0"
"772","Corey Kiner","SF","14","RB181","","","694","","","","694.0"
"773","ShunDerrick Powell","PHI","9","RB182","","","695","","","","695.0"
"774","Rakim Jarrett","TB","9","WR269","","","696","","","","696.0"
"775","Jase McClellan","TB","9","RB183","","","698","","","","698.0"
"776","Casey Washington","ATL","5","WR270","","","699","","","","699.0"
"777","Devin Leary","BAL","7","QB106","","","700","","","","700.0"
"778","Erick All Jr.","CIN","10","TE121","","","703","","","","703.0"
"779","Tanner McLachlan","CIN","10","TE122","","","704","","","","704.0"
"780","Jawhar Jordan","HOU","6","RB184","","","705","","","","705.0"
"781","Keilan Robinson","PHI","9","RB185","","","706","","","","706.0"
"782","Jared Wiley","KC","10","TE123","","","708","","","","708.0"
"783","Dylan Laube","LV","8","RB186","","","709","","","","709.0"
"784","Tahj Washington","MIA","12","WR271","","","710","","","","710.0"
"785","Javon Baker","NE","14","WR272","","","711","","","","711.0"
"786","Bub Means","NO","11","WR273","","","712","","","","712.0"
"787","Dante Miller","NYG","14","RB187","","","713","","","","713.0"
"788","Tip Reiman","ARI","8","TE124","","","715","","","","715.0"
"789","Devin Culp","TB","9","TE125","","","716","","","","716.0"
"790","Emani Bailey","CAR","14","RB188","","","717","","","","717.0"
"791","Austin Reed","CHI","5","QB107","","","718","","","","718.0"
"792","Blake Watson","DEN","12","RB189","","","719","","","","719.0"
"793","Thomas Yassmin","LAC","12","TE126","","","720","","","","720.0"
"794","Xavier Weaver","ARI","8","WR274","","","721","","","","721.0"
"795","David Martin-Robinson","TEN","10","TE127","","","722","","","","722.0"
"796","Bryce Oliver","TEN","10","WR275","","","723","","","","723.0"
"797","Jabari Small","","","RB190","","","724","","","","724.0"
"798","John Rhys Plumlee","SEA","8","QB108","","","725","","","","725.0"
"799","Tanner Mordecai","","","QB109","","","726","","","","726.0"
"800","Mason Pline","NO","11","TE128","","","727","","","","727.0"
"801","Cody Schrader","LAR","8","RB191","","","728","","","","728.0"
"802","Kameron Johnson","TB","9","WR276","","","729","","","","729.0"
"803","Sam Hartman","WAS","12","QB110","","","730","","","","730.0"
"804","Colson Yankoff","WAS","12","TE129","","","731","","","","731.0"
"805","Gee Scott Jr.","NE","14","TE130","","","732","","","","732.0"
"806","Geor'Quarius Spivey","KC","10","TE131","","","733","","","","733.0"
"807","Alex Hale","","","K64","","","734","","","","734.0"
"808","Jahmal Banks","BAL","7","WR277","","","735","","","","735.0"
"809","Marcus Major Jr.","","","RB192","","","736","","","","736.0"
"810","Kayron Lynch-Adams","CAR","14","RB193","","","737","","","","737.0"
"811","Jahdae Walker","CHI","5","WR278","","","738","","","","738.0"
"812","Luke Floriea","","","WR279","","","739","","","","739.0"
"813","Ja'seem Reed","CAR","14","WR280","","","740","","","","740.0"
"814","Rivaldo Fairweather","DAL","10","TE132","","","741","","","","741.0"
"815","Traeshon Holden","DAL","10","WR281","","","742","","","","742.0"
"816","Courtney Jackson","DEN","12","WR282","","","744","","","","744.0"
"817","Drake Dabney","TEN","10","TE133","","","747","","","","747.0"
"818","Graham Mertz","HOU","6","QB111","","","749","","","","749.0"
"819","Maddux Trujillo","IND","11","K65","","","751","","","","751.0"
"820","LeQuint Allen Jr.","JAC","8","RB194","","","752","","","","752.0"
"821","Patrick Herbert","JAC","8","TE134","","","753","","","","753.0"
"822","Ja'Quinden Jackson","JAC","8","RB195","","","754","","","","754.0"
"823","Elijhah Badger","KC","10","WR283","","","755","","","","755.0"
"824","Jake Briningstool","KC","10","TE135","","","756","","","","756.0"
"825","Elijah Young","KC","10","RB196","","","757","","","","757.0"
"826","Tru Edwards","LAR","8","WR284","","","758","","","","758.0"
"827","Cam Miller","LV","8","QB112","","","761","","","","761.0"
"828","Silas Bolden","MIN","6","WR285","","","763","","","","763.0"
"829","Max Brosmer","MIN","6","QB113","","","764","","","","764.0"
"830","Brock Lampe","NE","14","RB197","","","766","","","","766.0"
"831","Tyler Boyd","","","WR286","","","768","","","","768.0"
"832","Gerald Everett","","","TE136","","","770","","","","770.0"
"833","Robert Tonyan","KC","10","TE137","","","771","","","","771.0"
"834","Mike White","BUF","7","QB114","","","773","","","","773.0"
"835","Russell Gage Jr.","SF","14","WR287","","","774","","","","774.0"
"836","John Wolford","JAC","8","QB115","","","776","","","","776.0"
"837","Will Grier","DAL","10","QB116","","","777","","","","777.0"
"838","Andrew Beck","NYJ","9","TE138","","","779","","","","779.0"
"839","Ashton Dulin","IND","11","WR288","","","780","","","","780.0"
"840","Brett Rypien","MIN","6","QB117","","","782","","","","782.0"
"841","David Sills","ATL","5","WR289","","","783","","","","783.0"
"842","Kristian Wilkerson","BUF","7","WR290","","","784","","","","784.0"
"843","Lawrence Cager","WAS","12","WR291","","","785","","","","785.0"
"844","Dominique Dafney","CAR","14","TE139","","","786","","","","786.0"
"845","Demetric Felton Jr.","WAS","12","RB198","","","787","","","","787.0"
"846","Simi Fehoko","ARI","8","WR292","","","788","","","","788.0"
"847","Seth Williams","LV","8","WR293","","","789","","","","789.0"
"848","Hunter Long","JAC","8","TE140","","","790","","","","790.0"
"849","Kene Nwangwu","NYJ","9","RB199","","","791","","","","791.0"
"850","Tre' McKitty","HOU","6","TE141","","","793","","","","793.0"
"851","Quintin Morris","JAC","8","TE142","","","794","","","","794.0"
"852","Feleipe Franks","ATL","5","QB118","","","795","","","","795.0"
"853","Michael Bandy","DEN","12","WR294","","","796","","","","796.0"
"854","Michael Jacobson","NO","11","TE143","","","797","","","","797.0"
"855","Velus Jones Jr.","NO","11","WR295","","","798","","","","798.0"
"856","Jake Tonges","SF","14","TE144","","","799","","","","799.0"
"857","Greg Dulcich","NYG","14","TE145","","","801","","","","801.0"
"858","Montrell Washington","NYG","14","WR296","","","802","","","","802.0"
"859","Samori Toure","CHI","5","WR297","","","803","","","","803.0"
"860","Teagan Quitoriano","ATL","5","TE146","","","804","","","","804.0"
"861","Jelani Woods","IND","11","TE147","","","805","","","","805.0"
"862","Erik Ezukanma","MIA","12","WR298","","","806","","","","806.0"
"863","Chris Oladokun","KC","10","QB119","","","807","","","","807.0"
"864","Dareke Young","SEA","8","WR299","","","808","","","","808.0"
"865","Ko Kieft","TB","9","TE148","","","809","","","","809.0"
"866","Zaire Mitchell-Paden","BAL","7","TE149","","","810","","","","810.0"
"867","Malik Davis","DAL","10","RB200","","","811","","","","811.0"
"868","Jalen Virgil","","","WR300","","","812","","","","812.0"
"869","Tanner Conner","MIA","12","TE150","","","813","","","","813.0"
"870","Tay Martin","WAS","12","WR301","","","814","","","","814.0"
"871","Jaden Smith","TB","9","WR302","","","816","","","","816.0"
"872","Anthony Gould","IND","11","WR303","","","817","","","","817.0"
"873","Cornelius Johnson","GB","5","WR304","","","818","","","","818.0"
"874","Brenden Rice","LAC","12","WR305","","","819","","","","819.0"
"875","Chris Collier","LV","8","RB201","","","820","","","","820.0"
"876","Dayton Wade","BAL","7","WR306","","","821","","","","821.0"
"877","Messiah Swinson","GB","5","TE151","","","822","","","","822.0"
"878","McCallan Castles","LAR","8","TE152","","","823","","","","823.0"
"879","Jack Westover","NE","14","TE153","","","824","","","","824.0"
"880","Julian Hicks","GB","5","WR307","","","825","","","","825.0"
"881","Baylor Cupp","BAL","7","TE154","","","826","","","","826.0"
"882","JaQuae Jackson","LAC","12","WR308","","","827","","","","827.0"
"883","Xavier Johnson","HOU","6","WR309","","","828","","","","828.0"
"884","Jack Plummer","CAR","14","QB120","","","829","","","","829.0"
"885","Brenden Bates","CLE","9","TE155","","","830","","","","830.0"
"886","Ian Wheeler","CHI","5","RB202","","","831","","","","831.0"
"887","Cole Burgess","CIN","10","WR310","","","832","","","","832.0"
"888","Cam Grandy","CIN","10","TE156","","","833","","","","833.0"
"889","Brevyn Spann-Ford","DAL","10","TE157","","","834","","","","834.0"
"890","Isaiah Williams","CIN","10","WR311","","","835","","","","835.0"
"891","Jason Bean","IND","11","QB121","","","836","","","","836.0"
"892","Kedon Slovis","HOU","6","QB122","","","837","","","","837.0"
"893","Joshua Cephus","JAC","8","WR312","","","838","","","","838.0"
"894","Carter Bradley","SF","14","QB123","","","840","","","","840.0"
"895","Jeshaun Jones","MIN","6","WR313","","","841","","","","841.0"
"896","Mason Tipton","NO","11","WR314","","","843","","","","843.0"
"897","John Jiles","NE","14","WR315","","","844","","","","844.0"
"898","British Brooks","HOU","6","RB203","","","847","","","","847.0"
"899","Neal Johnson","NYJ","9","TE158","","","848","","","","848.0"
"900","Kevin Foelsch","PIT","5","TE159","","","850","","","","850.0"
"901","Joshua Simon","ATL","5","TE160","","","853","","","","853.0"
"902","Xavier Guillory","BAL","7","WR316","","","854","","","","854.0"
"903","Lucas Scott","BAL","7","RB204","","","855","","","","855.0"
"904","Kelly Akharaiyi","ARI","8","WR317","","","856","","","","856.0"
"905","Jackson Hawes","BUF","7","TE161","","","857","","","","857.0"
"906","Keleki Latu","BUF","7","TE162","","","858","","","","858.0"
"907","Bryce Pierre","CAR","14","TE163","","","860","","","","860.0"
"908","Deion Hankins","CHI","5","RB205","","","861","","","","861.0"
"909","Quali Conley","CIN","10","RB206","","","862","","","","862.0"
"910","Jamoi Mayes","CIN","10","WR318","","","863","","","","863.0"
"911","Payton Thorne","CIN","10","QB124","","","865","","","","865.0"
"912","Gage Larvadain","CLE","9","WR319","","","866","","","","866.0"
"913","Josh Kelly","DAL","10","WR320","","","867","","","","867.0"
"914","Tyler Neville","DAL","10","TE164","","","868","","","","868.0"
"915","Caleb Lohner","DEN","12","TE165","","","869","","","","869.0"
"916","Jerjuan Newton","DEN","12","WR321","","","870","","","","870.0"
"917","Kyrese Rowan","DEN","12","WR322","","","871","","","","871.0"
"918","Zach Horton","DET","8","TE166","","","872","","","","872.0"
"919","Jakobie Keeney-James","DET","8","WR323","","","873","","","","873.0"
"920","Jackson Meeks","DET","8","WR324","","","875","","","","875.0"
"921","Anthony Tyus III","SEA","8","RB207","","","876","","","","876.0"
"922","Taylor Elgersma","GB","5","QB125","","","877","","","","877.0"
"923","Amar Johnson","GB","5","RB208","","","878","","","","878.0"
"924","TJ Sheffield","TEN","10","WR325","","","881","","","","881.0"
"925","Ajou Ajou","IND","11","WR326","","","882","","","","882.0"
"926","Ulysses Bentley IV","IND","11","RB209","","","883","","","","883.0"
"927","Landon Parker","IND","11","WR327","","","885","","","","885.0"
"928","Blayne Taylor","IND","11","WR328","","","886","","","","886.0"
"929","Chandler Brayboy","JAC","8","WR329","","","887","","","","887.0"
"930","Cam Camper","JAC","8","WR330","","","888","","","","888.0"
"931","Seth Henigan","JAC","8","QB126","","","889","","","","889.0"
"932","Jimmy Holiday","KC","10","WR331","","","890","","","","890.0"
"933","Brennan Presley","LAR","8","WR332","","","891","","","","891.0"
"934","Anthony Torres","LAR","8","TE167","","","892","","","","892.0"
"935","Mario Williams","LAR","8","WR333","","","893","","","","893.0"
"936","Ketron Jackson Jr.","LV","8","WR334","","","894","","","","894.0"
"937","Andrew Armstrong","MIA","12","WR335","","","895","","","","895.0"
"938","AJ Henning","MIA","12","WR336","","","897","","","","897.0"
"939","Dontae Fleming","MIN","6","WR337","","","898","","","","898.0"
"940","Bryson Nesbit","MIN","6","TE168","","","899","","","","899.0"
"941","Myles Price","MIN","6","WR338","","","900","","","","900.0"
""
""